phone_number,email_address,first_name,last_name,company
8123696201,user1@gmail.com,First1,Last1,Termii
8123696202,user2@gmail.com,First2,Last2,Termii
8123696203,user3@gmail.com,First3,Last3,Termii
8123696204,user4@gmail.com,First4,Last4,Termii
8123696205,user5@gmail.com,First5,Last5,Termii
8123696206,user6@gmail.com,First6,Last6,Termii
8123696207,user7@gmail.com,First7,Last7,Termii
8123696208,user8@gmail.com,First8,Last8,Termii
8123696209,user9@gmail.com,First9,Last9,Termii
8123696210,user10@gmail.com,First10,Last10,Termii
